symbol,timestamp,mid_price,bid_price,ask_price,bid_size,ask_size,spread_percentage,spread_absolute,volume_imbalance,total_volume,bid_depth,ask_depth,buy_volume,sell_volume,order_changes
DOGE-USD,2025-01-01 00:00:00,3500.2483570765057,3499.7483570765057,3500.7483570765057,4.509492287711822,4.848690193898168,0.019160422535836337,1.101144591312989,-0.07864299772292982,11.045848591729058,199.9120588656,198.8237022234969,49.31013827860287,7.338045989942079,8
DOGE-USD,2025-01-01 00:01:00,3500.17922492592,3499.67922492592,3500.67922492592,3.9630744710168178,2.4994823180948162,0.023757322526589884,1.3394604969623267,0.2375823015888915,16.5202199015103,57.231805829083406,177.71374366176437,47.182462992370354,40.38251897228149,5
DOGE-USD,2025-01-01 00:02:00,3500.5030691949705,3500.0030691949705,3501.0030691949705,3.788062963981072,2.142848345127443,0.032136195554605736,0.7328603688960688,-0.26122285423169767,45.32442007660163,196.5761276331976,81.27657715360037,6.942818110865526,14.061370196118848,3
DOGE-USD,2025-01-01 00:03:00,3501.2645841231742,3500.7645841231742,3501.7645841231742,3.809936335948437,4.474396512757841,0.024461323593360014,0.7728921957429067,-0.38952588686860534,53.19449512454111,111.03619410843059,189.58928219658745,12.416666707824671,16.637937569961743,6
DOGE-USD,2025-01-01 00:04:00,3501.1475074358127,3500.6475074358127,3501.6475074358127,2.4379646048790207,1.8943833540778106,0.02679103216461752,1.792678431520276,-0.14537784235922346,64.00184933073734,180.61301755058886,67.45495968282141,10.927794805455285,12.411785904453314,4
DOGE-USD,2025-01-01 00:05:00,3501.030438957338,3500.530438957338,3501.530438957338,2.1743673770579734,4.852890157762445,0.03565856518244624,1.9191731932004492,-0.21276100834591827,36.24963208383729,167.357822608741,172.61745627367873,37.6690959493383,19.85967791921739,9
DOGE-USD,2025-01-01 00:06:00,3501.820045365092,3501.320045365092,3502.320045365092,4.2374446219140545,1.0486178987592654,0.025603623576527935,1.0599639744196294,-0.2036918795440099,72.54836975138883,135.0524391480002,107.093494021487,41.800339843562526,39.053817755988575,3
DOGE-USD,2025-01-01 00:07:00,3502.203762729668,3501.703762729668,3502.703762729668,4.240453578716723,4.879515306830556,0.09070888821637826,0.9061170097153306,-0.26639224895009006,87.41101574702842,160.76738138769898,181.69614806676043,14.608011483980237,28.372363677677182,4
DOGE-USD,2025-01-01 00:08:00,3501.969025536701,3501.469025536701,3502.469025536701,4.468289274320415,1.1726396478023045,0.0172210371095478,1.4659993148585237,-0.4579068103636381,80.18658900040148,181.77733419520217,180.20850351611756,27.763371182832305,14.219657336782065,7
DOGE-USD,2025-01-01 00:09:00,3502.2403055584937,3501.7403055584937,3502.7403055584937,4.652962210225885,4.564572454792284,0.057206025061322927,1.1131012566471445,-0.4821260652665862,13.565694281352144,110.62104824765495,170.88881001764315,42.831636260504,44.502353516841836,7
DOGE-USD,2025-01-01 00:10:00,3502.0085967120876,3501.5085967120876,3502.5085967120876,3.045369595443751,3.1108044363451994,0.04693571442906954,0.5380795334905173,0.48772238973603155,53.24562525320461,99.0549742344858,168.5045654460592,37.976069514481274,44.581183472818815,4
DOGE-USD,2025-01-01 00:11:00,3501.7757318353024,3501.2757318353024,3502.2757318353024,3.0060651787487984,4.971859184477202,0.09841407552177459,0.7342288960492855,-0.07222686626413766,19.44371605763574,150.13900783453772,95.70187086470611,29.40067424713317,44.17602912707031,6
DOGE-USD,2025-01-01 00:12:00,3501.8967129710854,3501.3967129710854,3502.3967129710854,4.193180715867101,1.2951862589415954,0.02008350119512471,1.5739583432710962,-0.11567335284031832,31.78405142762747,171.17689129118878,62.137892457687826,31.56564607064478,15.745829512169268,3
DOGE-USD,2025-01-01 00:13:00,3500.9400728487567,3500.4400728487567,3501.4400728487567,3.5998557231110606,3.215417137605283,0.04580700391411675,1.488385912865227,0.17964728269306984,98.79963339404318,164.34277021649237,110.44702681477422,27.876224611232598,25.305770488144464,6
DOGE-USD,2025-01-01 00:14:00,3500.0776139325,3499.5776139325,3500.5776139325,3.8078675090308134,4.877210142476396,0.09725233899478321,0.5406439887552252,-0.28174611213493583,22.824598861136188,169.67204732879517,76.0286772479763,18.389680309346925,49.32453452633938,2
DOGE-USD,2025-01-01 00:15:00,3499.7964701678798,3499.2964701678798,3500.2964701678798,4.183170677744404,3.0923913766805953,0.08789564133045823,0.8329582428994242,0.44996118395022533,54.899933810622045,115.33749722193996,154.24266333536926,30.425989678655725,39.740561433949566,8
DOGE-USD,2025-01-01 00:16:00,3499.290054607712,3498.790054607712,3499.790054607712,4.560021367270265,3.51759455254105,0.08353648638543519,0.846612194882107,0.28634501441555205,65.63401608863072,172.67513242625324,101.91495898066783,35.99983859225408,6.222533955150192,2
DOGE-USD,2025-01-01 00:17:00,3499.44717827401,3498.94717827401,3499.94717827401,2.351980627406143,3.7829947559384687,0.03321125443404459,1.5078391153980926,-0.4105889976877405,73.22184734896936,68.03135830559127,196.34153012898724,44.299531213736344,7.934206606722142,7
DOGE-USD,2025-01-01 00:18:00,3498.993166236249,3498.493166236249,3499.493166236249,2.502331810559776,2.818164259071093,0.025379882865105924,0.5295658066315463,-0.08241922421507164,60.36838151382227,131.67336469412743,146.1458116017998,33.63311092906616,25.876911956554974,9
DOGE-USD,2025-01-01 00:19:00,3498.2870143855816,3497.7870143855816,3498.7870143855816,1.375927759363476,3.5102323203362538,0.07017788979319879,0.6561628729768607,0.3791183075621647,10.87937626772653,50.86379907471824,173.37208454515414,39.25046916694211,45.914909263770205,1
DOGE-USD,2025-01-01 00:20:00,3499.0198387700425,3498.5198387700425,3499.5198387700425,3.313120563984696,3.337257247692401,0.09364383902148272,1.699874128059784,0.4447320222914103,39.38151774195927,98.68787448504054,69.87870091127726,12.203223572955785,29.24158090787214,8
DOGE-USD,2025-01-01 00:21:00,3498.9069506197993,3498.4069506197993,3499.4069506197993,1.1437690951869683,4.604632041963956,0.06010866037125369,0.7678169930815004,-0.03259848875013027,56.59404790462403,104.96923023070968,179.30217234089338,25.770086348890544,27.40156286154306,7
DOGE-USD,2025-01-01 00:22:00,3498.940714722143,3498.440714722143,3499.440714722143,2.8623920725298406,1.1817855213658315,0.06144514205229099,1.479119161777812,0.1134113892107077,17.907984923035002,109.42590374138831,188.41357857700916,5.419922892219199,9.746316498048376,6
DOGE-USD,2025-01-01 00:23:00,3498.2283406290367,3497.7283406290367,3498.7283406290367,3.1705785388303065,2.1238527583689213,0.03519811842942558,0.8572741715700898,-0.3329660539079248,41.55642380882627,154.32008100347934,123.05928782284039,16.100548903473037,34.555104712593234,6
DOGE-USD,2025-01-01 00:24:00,3497.956149266774,3497.456149266774,3498.456149266774,2.1461650085131376,4.801645936306235,0.07925436398727433,0.6491620891390177,0.49116862613697654,12.98827979122299,108.28371519055186,140.9379406626466,37.69077718008522,41.99464222701015,6
DOGE-USD,2025-01-01 00:25:00,3498.011610561629,3497.511610561629,3498.511610561629,3.363333042276043,4.561055135563665,0.026833937370177106,0.8647582864991812,-0.2683282986165566,17.072064743951866,117.3040433933796,164.72147013544932,49.631447810721355,22.118900337840305,9
DOGE-USD,2025-01-01 00:26:00,3497.4361137729175,3496.9361137729175,3497.9361137729175,1.1220009997561977,2.8226270111428517,0.03913113127638194,1.5834003977834887,0.44273177413512566,45.72309485814365,85.63161963114912,76.22579408906188,9.463014481424715,39.902533291639735,2
DOGE-USD,2025-01-01 00:27:00,3497.6239627820905,3497.1239627820905,3498.1239627820905,1.1493927549968577,3.480530391206147,0.048289279475477516,1.7835447021594286,0.14964664899236846,21.94441786387543,105.98776874440101,125.38491146951637,23.06724421375797,48.40144942553652,1
DOGE-USD,2025-01-01 00:28:00,3497.323643437131,3496.823643437131,3497.823643437131,4.290402242638633,2.1095247319245307,0.05568493408160096,1.7453297968504873,0.10773679487885912,61.07867634354023,84.09044408947273,109.79945416584697,41.00319359146218,14.169490660746009,6
DOGE-USD,2025-01-01 00:29:00,3497.1777965622346,3496.6777965622346,3497.6777965622346,2.4407625656450516,1.7524846388950452,0.031816875917357226,1.0957752944276822,0.012688511016508586,72.05184722235391,60.97938856526655,71.95609882433737,14.181603558300448,28.54983340376336,8
DOGE-USD,2025-01-01 00:30:00,3496.87694325612,3496.37694325612,3497.37694325612,1.5082420506075391,2.8547936197599286,0.020335314226528317,1.5021277048559694,-0.2693301882822413,82.05280291981745,140.51728900720667,105.13016334372972,29.97882271860288,17.9212081138059,3
DOGE-USD,2025-01-01 00:31:00,3497.803082348374,3497.303082348374,3498.303082348374,3.0889730402192175,2.4134089121042113,0.06495580381974694,0.8074764431237315,-0.32347196799449174,28.01352198203291,150.23191978325244,60.22584640782404,37.988208321335364,40.67844885652277,1
DOGE-USD,2025-01-01 00:32:00,3497.796333736005,3497.296333736005,3498.296333736005,4.079974212394443,3.3346244474034883,0.03597674979162302,0.9397215953915199,-0.27951379092982465,25.07343240331628,142.92355190144218,53.87178604242305,32.71934526170806,30.99170146465209,9
DOGE-USD,2025-01-01 00:33:00,3497.267478271527,3496.767478271527,3497.767478271527,1.8632841099873727,1.3109385478599394,0.06231143992803511,1.8445037277816796,-0.3135617378557455,19.411105630096024,119.52410657008585,70.27494337322341,13.461113057693726,33.55620878976367,1
DOGE-USD,2025-01-01 00:34:00,3497.678750727579,3497.178750727579,3498.178750727579,3.491561903276001,4.897579230664666,0.02389264437467821,0.5195028852661041,0.2795844735667533,67.2787224589273,106.96786702688448,194.46726673837608,20.992305590858273,40.906137182715234,3
DOGE-USD,2025-01-01 00:35:00,3497.0683289025933,3496.5683289025933,3497.5683289025933,1.341389859975072,4.9448429779184115,0.05330260916693358,0.6282627962817021,-0.1498747408332699,73.5828153838211,179.50004743577378,132.42943038425256,40.27063030184287,22.81867126981047,8
DOGE-USD,2025-01-01 00:36:00,3497.1727607000958,3496.6727607000958,3497.6727607000958,1.2067268846744308,3.7926468560789806,0.05793304892964273,0.811829382719041,-0.44215732343660363,12.842753034307783,127.86226777043271,194.873324172983,29.94019313594075,46.17905307831695,3
DOGE-USD,2025-01-01 00:37:00,3496.192925638156,3495.692925638156,3496.692925638156,3.125418526272592,3.1443854653764816,0.014664118314018423,0.5397983058107296,0.4691026301408113,94.25910216193208,121.87728164445964,114.8746817495198,5.235332609431073,28.9862990260763,4
DOGE-USD,2025-01-01 00:38:00,3495.5288326137065,3495.0288326137065,3496.0288326137065,3.162540486440426,2.238110465145311,0.040294385037452855,0.772153152634696,0.3837858849634257,14.677415528632517,53.84630987096536,96.77241996278894,39.244584201264225,12.10796702759066,8
DOGE-USD,2025-01-01 00:39:00,3495.6272632316413,3495.1272632316413,3496.1272632316413,3.549719605992826,4.255180078827795,0.022097320924507682,1.3745623414545383,0.42775228319521297,58.71667017709634,101.18717414392344,125.92127942603662,6.589010972310758,36.315460317596106,1
DOGE-USD,2025-01-01 00:40:00,3495.996496521639,3495.496496521639,3496.496496521639,3.904365334890646,3.738924690215517,0.015703747342549097,1.132136825888747,0.4949078226464353,73.81544675058248,107.02934281787856,115.92675329493652,38.55802022290545,40.69676076972145,6
DOGE-USD,2025-01-01 00:41:00,3496.082180662234,3495.582180662234,3496.582180662234,4.903408317850138,1.6504677573795652,0.09909642091509507,1.8390075666154622,-0.3261047507805127,88.3872211371477,109.82341713453508,65.84970263926158,14.111625207435683,19.2542754680387,1
DOGE-USD,2025-01-01 00:42:00,3496.02435652104,3495.52435652104,3496.52435652104,3.0652013932047812,4.64370873797537,0.03901184604772507,1.7261653426076613,-0.10375798109734125,74.2678238919185,137.02585538409983,146.12394720353092,48.11330660537211,43.573066564943886,1
DOGE-USD,2025-01-01 00:43:00,3495.873804673245,3495.373804673245,3496.373804673245,2.291825891764984,4.290148971692676,0.08288870012691714,1.012726027546814,0.2582384757040913,82.15552747628126,130.04038200903176,82.40572737643994,21.557333808593803,45.77644646445949,8
DOGE-USD,2025-01-01 00:44:00,3495.1345436780616,3494.6345436780616,3495.6345436780616,4.180744779074814,4.799199653167696,0.03291765892873875,0.8891351501469387,0.19602061805379223,40.55051732885255,141.1857639190167,142.93819323467443,19.71192273521356,17.460701932001403,4
DOGE-USD,2025-01-01 00:45:00,3494.774621573864,3494.274621573864,3495.274621573864,2.083329005048297,3.90287803355344,0.07133524500015365,1.0695386122509003,-0.34610409366014494,83.3342602371861,164.73248923131922,147.53016385972302,11.69996226496001,49.25846627218499,1
DOGE-USD,2025-01-01 00:46:00,3494.5443021883843,3494.0443021883843,3495.0443021883843,2.7558856828225444,3.4536607837431594,0.0784205073900718,1.3854424137722117,0.3158331249906178,17.210336174620764,171.94786080741403,72.80372796929721,18.75218969705967,11.332018762194128,7
DOGE-USD,2025-01-01 00:47:00,3495.0728633014937,3494.5728633014937,3495.5728633014937,1.3138255253690638,2.6729721451624755,0.06360748665470599,0.9020954612343144,-0.27555942816333934,90.53349904544748,157.71846143397414,59.20244406660022,44.449284282269026,14.090705078112048,5
DOGE-USD,2025-01-01 00:48:00,3495.244672446278,3494.744672446278,3495.744672446278,1.10140297366183,4.730913933416053,0.05244185696951426,1.436223361773701,-0.2761823851773769,59.28331385383626,193.3285543932402,167.11423791026596,49.83504519322613,13.290117765711177,5
DOGE-USD,2025-01-01 00:49:00,3494.3631523685963,3493.8631523685963,3494.8631523685963,4.8505936587117,4.464255558001634,0.047065682273254174,1.1141174782868606,0.03697442289341357,83.55679929662443,52.734887401454245,118.97006356539802,21.573928872808175,45.229536950354166,1
DOGE-USD,2025-01-01 00:50:00,3494.525194353294,3494.025194353294,3495.025194353294,4.343920482048823,1.1808746804247576,0.04139814398886958,1.3280707712779702,0.09293993484170315,50.70864560664701,79.36669785253191,58.72456932582137,25.187478392954414,34.443164854623284,6
DOGE-USD,2025-01-01 00:51:00,3494.332653213086,3493.832653213086,3494.832653213086,3.783896824374792,1.105467897989008,0.09365762298230433,1.154189793702975,0.08008620783781117,67.92199256768725,51.13443124672132,199.22994757546508,37.493192219123166,11.84469274500228,9
DOGE-USD,2025-01-01 00:52:00,3493.994192212933,3493.494192212933,3494.494192212933,2.6358117776570795,2.5058534675121984,0.08475574670089563,0.9416986393128766,-0.40851316260224513,57.37623948425019,147.12120712319046,58.66708414945499,44.87881012092836,24.814553826575704,9
DOGE-USD,2025-01-01 00:53:00,3494.300030357353,3493.800030357353,3494.800030357353,1.693177280283383,4.242213323127332,0.09685242195998614,1.922679960443235,0.37746086263038037,75.84305695797987,184.70458234249804,154.25528432878298,31.686995038405286,32.68841112814109,8
DOGE-USD,2025-01-01 00:54:00,3494.815530118601,3494.315530118601,3495.315530118601,1.6257481706843442,4.949104517259778,0.021186750113699027,1.6454086912396413,-0.23439995741129394,17.34669838275306,86.5223444864449,197.55183878951203,22.61865641800232,8.755883824522249,5
DOGE-USD,2025-01-01 00:55:00,3495.2811701781593,3494.7811701781593,3495.7811701781593,2.0009715926583813,1.6016675644141127,0.07577807276832799,0.7101697636496789,-0.3704850787171958,15.431687559150742,189.055181719446,85.87701563238883,23.56798283818807,44.708736578330246,1
DOGE-USD,2025-01-01 00:56:00,3494.861561416548,3494.361561416548,3495.361561416548,3.196906658824482,3.3765228614085405,0.09445064111389341,1.8027019638468693,0.3887480798689772,32.23929106091318,59.04010854343413,71.33740530307942,36.30281659235631,41.16215909486908,9
DOGE-USD,2025-01-01 00:57:00,3494.7069552286225,3494.2069552286225,3495.2069552286225,3.8583836908002493,2.523563426524086,0.026310975954909416,1.2311467973742705,0.45565149822975337,24.359021210186953,190.16540402082714,68.20774091336433,5.144821862192541,27.73430481094872,1
DOGE-USD,2025-01-01 00:58:00,3494.872586944324,3494.372586944324,3495.372586944324,3.640789506870925,4.879657591258413,0.015984664063009975,1.841828340341137,0.3621276172654506,88.46052099329815,102.74340308594516,95.49127213513933,32.881520185692835,48.52069768666267,8
DOGE-USD,2025-01-01 00:59:00,3495.3603595078853,3494.8603595078853,3495.8603595078853,2.1197355877837714,4.368475692542835,0.07670085843610532,1.6997828839209728,0.3095160747248781,29.72925886222399,65.21312426738248,65.156871651597,20.997185469861083,23.799244067379487,5
DOGE-USD,2025-01-01 01:00:00,3495.1207723889625,3494.6207723889625,3495.6207723889625,4.819461122652776,4.353314818844551,0.061702580186192076,1.1378202567038502,0.15524198063902173,97.82787302372182,122.88076387794885,153.82420125411977,40.73887990746879,49.284964356642405,3
DOGE-USD,2025-01-01 01:01:00,3495.027942900631,3494.527942900631,3495.527942900631,3.951587666783074,2.874772639179881,0.0857645899082445,0.533703962480176,0.05085737060913931,40.320621259399616,88.5164851580762,59.3437697195094,9.184578792040947,35.05639994616322,7
DOGE-USD,2025-01-01 01:02:00,3494.474775413628,3493.974775413628,3494.974775413628,3.2174162100456027,2.6592780093506607,0.022579513896366057,0.9030160390774191,-0.41301324008858986,26.390612411982936,92.73093529428843,126.41331922246846,31.469102012677574,33.560207296427365,7
DOGE-USD,2025-01-01 01:03:00,3493.8766721015872,3493.3766721015872,3494.3766721015872,3.446882984937409,2.093628287722825,0.08157405806739013,1.3124513219913003,-0.0915467869293013,81.07286564282312,96.09349473894298,199.50452807794653,26.64378004487557,12.467970288310326,9
DOGE-USD,2025-01-01 01:04:00,3494.2829350127845,3493.7829350127845,3494.7829350127845,2.6784002497111596,1.2255019866037085,0.02814645880429701,1.450217329739221,-0.12731148298768602,69.28369979507886,170.4538846748995,172.0955404259028,33.90464866573524,44.68674912370898,7
DOGE-USD,2025-01-01 01:05:00,3494.96105502707,3494.46105502707,3495.46105502707,1.9909239580046298,4.458889505020213,0.024729034857913407,0.8868315281498034,-0.2402462162396738,54.837614480782506,130.87419150128818,142.28291573465162,7.918411751733576,24.237035956427682,3
DOGE-USD,2025-01-01 01:06:00,3494.92504996628,3494.42504996628,3495.42504996628,2.4238907146050463,4.251604036520311,0.024783921813789366,0.7090341111092362,0.22342011368858494,59.982719584386814,96.69615487340054,95.93804311799175,31.099270434265907,12.30050326021157,1
DOGE-USD,2025-01-01 01:07:00,3495.426816415226,3494.926816415226,3495.926816415226,4.031384441857476,4.998870693144522,0.0833117248208244,1.7523953551989486,-0.004124264921229193,74.72816004450374,141.55006749663775,143.58437544374578,30.266806458178568,5.567338398909157,8
DOGE-USD,2025-01-01 01:08:00,3495.6076344277494,3495.1076344277494,3496.1076344277494,1.0575739545190235,4.9865473482956215,0.06986774986265802,1.9766032710553283,-0.41895378409235207,30.560926719816884,157.42260113347902,129.05621958674774,30.229704248727693,30.189005763727216,3
DOGE-USD,2025-01-01 01:09:00,3495.285074550447,3494.785074550447,3495.785074550447,1.464290562027665,3.22172682241051,0.057075888229220745,1.2885352734540287,-0.27981679805018866,99.67005244510678,90.89360011003006,113.91250758355572,32.156944996840465,28.732982995520434,8
DOGE-USD,2025-01-01 01:10:00,3495.4657723532014,3494.9657723532014,3495.9657723532014,1.184010568087011,4.075949660722042,0.04229474357111523,0.7575189287724553,0.18325876365959592,97.73138459321048,112.03236522880272,69.60655651102992,35.4410571751863,37.370913006612135,8
DOGE-USD,2025-01-01 01:11:00,3496.2347906364344,3495.7347906364344,3496.7347906364344,1.1629152092758805,4.7790629195297125,0.08894804867317975,0.9084609897790534,-0.4238691405096998,68.52931177122431,68.28291400054214,182.99063228607,41.22450498563464,45.0616123858011,5
DOGE-USD,2025-01-01 01:12:00,3496.216877616879,3495.716877616879,3496.716877616879,4.421842336044029,4.398589562709645,0.04532005966803719,0.5275860148212002,0.3512069140487687,27.958820583623062,77.17240243020206,117.46769732319838,17.141932405769644,8.573296308936328,1
DOGE-USD,2025-01-01 01:13:00,3496.9991994447864,3496.4991994447864,3497.4991994447864,3.8146314375200947,1.9893924069727906,0.08349394955244194,1.8714482098407486,-0.004853472986025675,71.22054181881622,152.16767809474743,79.19337677311476,42.12722345810279,37.917342065316305,7
DOGE-USD,2025-01-01 01:14:00,3495.6893268927415,3495.1893268927415,3496.1893268927415,2.8966953163493008,2.802176541240374,0.04952214177131967,0.6766266243352117,-0.019413422673352,16.497856808125825,77.21575215434405,105.16390263159344,27.421505701855413,13.4335374843912,5
DOGE-USD,2025-01-01 01:15:00,3496.100278144929,3495.600278144929,3496.600278144929,1.391336642604006,1.51663766060598,0.04392499864824169,1.3647747132713803,0.0924077846595176,12.758725198522546,128.774507550059,112.11946287933905,8.467622561044902,43.61796739207238,8
DOGE-USD,2025-01-01 01:16:00,3496.143801679048,3495.643801679048,3496.643801679048,2.9664635004673294,4.8162041090348895,0.051641180710264585,0.911082831030809,0.32468096592514917,33.19145996600923,156.3569392583649,174.13068433503116,7.634791815979064,41.85785812377453,9
DOGE-USD,2025-01-01 01:17:00,3495.994298003815,3495.494298003815,3496.494298003815,2.8938870831222627,3.42469853780352,0.03712400867477279,1.3312670037736902,-0.15219079209780695,51.636066106538465,66.03153846421158,160.04215708421032,20.040724341322736,29.335718974349497,7
DOGE-USD,2025-01-01 01:18:00,3496.040178392083,3495.540178392083,3496.540178392083,1.6928074796400607,1.9145712220138509,0.0772848442158626,1.4771305825277963,0.17801615255906356,88.14452548675425,135.09683294433552,165.39573404620097,40.32036397001604,36.960925938049016,7
DOGE-USD,2025-01-01 01:19:00,3495.0463939347824,3494.5463939347824,3495.5463939347824,2.735406596951892,3.686802737623427,0.055244835108323134,1.7446127055608025,0.06573196399579107,75.44521627896772,88.48441755520457,51.65468966429708,36.84564206334121,19.145755093268676,1
DOGE-USD,2025-01-01 01:20:00,3494.9365579908635,3494.4365579908635,3495.4365579908635,2.5940189375894938,3.4725129618315833,0.030899142563213564,0.8096319076409049,-0.23297172983057868,76.84358690799829,194.43903128563696,112.42309972696422,40.48767341025829,26.202555451976657,4
DOGE-USD,2025-01-01 01:21:00,3495.1151142766194,3494.6151142766194,3495.6151142766194,3.463400392208866,2.432650872131362,0.09096171159471117,0.5164937429877208,0.378629986355158,48.29440010032678,122.5318470079887,122.20162274529855,28.27710753987242,41.973660396971226,2
DOGE-USD,2025-01-01 01:22:00,3495.8540612989905,3495.3540612989905,3496.3540612989905,3.540374603470575,1.454230368798516,0.04455020992358903,0.7053284451032109,0.2974260216069281,41.13414932922666,170.89888246627373,52.878841523458505,24.808954907997077,25.666933872794626,2
DOGE-USD,2025-01-01 01:23:00,3495.5949261898536,3495.0949261898536,3496.0949261898536,1.181216039088178,3.6862927823711984,0.05891975750025898,1.8500279627721576,0.1584518346584255,43.393488668614246,132.53398132343926,88.97198131175513,11.635363701782778,21.10092193964488,2
DOGE-USD,2025-01-01 01:24:00,3495.190679388407,3494.690679388407,3495.690679388407,2.498450458505885,3.081230803615173,0.09158248998680923,1.8108351163437728,0.3505817290942419,98.88846073624521,56.511879928222875,164.04347346832026,19.76867391241902,27.239560126263495,4
DOGE-USD,2025-01-01 01:25:00,3494.9398008666144,3494.4398008666144,3495.4398008666144,3.5034396628569455,4.089273566942557,0.06618141963225929,1.3961196532554625,0.36729420095980236,13.609827227123423,144.97270633910335,70.56645585934986,24.530871477824387,42.271216359674824,1
DOGE-USD,2025-01-01 01:26:00,3495.397501925466,3494.897501925466,3495.897501925466,3.012545034320351,3.0806540044479735,0.02052082366375277,1.40077529065048,0.2083629767150348,88.03283465102037,192.71050133099854,130.29651971788874,8.987019335582776,20.084362131689275,4
DOGE-USD,2025-01-01 01:27:00,3495.5618774802956,3495.0618774802956,3496.0618774802956,4.4259593647532895,4.408726001274161,0.09458489112521276,1.4975550118193832,0.33701332836367204,62.080786771515406,140.24177302194968,82.28028080258562,14.927537872004507,12.81927169110847,2
DOGE-USD,2025-01-01 01:28:00,3495.296997378412,3494.796997378412,3495.796997378412,3.63477452647578,3.207627355097942,0.0664937247764276,0.7630569179351744,0.19747146166928364,49.47538772706314,172.87832891401854,51.81811619658399,31.920138232868247,37.040630914885135,5
DOGE-USD,2025-01-01 01:29:00,3495.5536310949688,3495.0536310949688,3496.0536310949688,1.6517377083257188,3.243751886141545,0.04014150531913775,1.8716179188874396,0.1801407717603004,75.27318943736229,182.63096950226117,86.18021863993121,38.10484014076354,42.16901957186368,3
DOGE-USD,2025-01-01 01:30:00,3495.6021698696427,3495.1021698696427,3496.1021698696427,1.2822749896017194,4.5066144106333805,0.022534486539704857,1.1281557873381096,0.1186113782151843,53.80020472822326,84.21196579233987,196.38106323650806,49.92563801268273,9.528686533559,8
DOGE-USD,2025-01-01 01:31:00,3496.086492364909,3495.586492364909,3496.586492364909,3.5696771128252625,2.613931464849588,0.08146226703432664,1.0747077923742463,0.25271663955764123,88.60809142734945,81.806725986234,170.23056678244842,46.990099910460096,15.794335074017512,4
DOGE-USD,2025-01-01 01:32:00,3495.7354658179706,3495.2354658179706,3496.2354658179706,1.1060452421664873,1.536060913802563,0.06580654803356623,1.2783765579242563,-0.3413948947069263,91.06316776101326,141.64714832764878,193.936496648155,33.915433979083616,11.388739539244725,1
DOGE-USD,2025-01-01 01:33:00,3495.5716347446714,3495.0716347446714,3496.0716347446714,3.343102325093853,1.115130705253356,0.058011498277868945,0.5704489501625826,0.38087075919892843,47.95488341861099,111.6542704710057,123.17810658895436,23.95616239823324,20.657363521197496,1
DOGE-USD,2025-01-01 01:34:00,3495.3755806681056,3494.8755806681056,3495.8755806681056,4.76092096569983,4.0205490226944764,0.0904503324745862,0.7494250531341191,0.371843527745232,34.914501751154646,175.97919543000805,66.46042980162552,33.62798141187047,25.26579405074357,3
DOGE-USD,2025-01-01 01:35:00,3494.643823194039,3494.143823194039,3495.143823194039,3.301896711503516,3.4812382054138586,0.08097374901020778,1.6070504246395556,-0.47075271696544085,63.3115295734026,185.00346850970166,132.19392334605396,40.35432281361044,38.69718516334879,9
DOGE-USD,2025-01-01 01:36:00,3494.7918833325716,3494.2918833325716,3495.2918833325716,2.5526797048260876,3.8163190723968943,0.023650739175947608,0.6241980018876897,0.32581675056476267,92.11270110550218,103.01320689540772,118.15660018399413,10.32512859155243,34.30164131967534,7
DOGE-USD,2025-01-01 01:37:00,3494.9224109686616,3494.4224109686616,3495.4224109686616,3.5731528737694127,1.851856646035643,0.038054986101599346,1.4047281641995824,-0.3711301325265548,28.95959701050999,85.5305838461723,176.6535624109424,23.445720036332972,32.9417855365294,2
DOGE-USD,2025-01-01 01:38:00,3494.924967696983,3494.424967696983,3495.424967696983,2.8330115619660665,1.545485902347079,0.03236402258330192,0.8680236645219814,-0.1648811457408581,66.06699252071346,167.07882728657927,64.7123871176367,42.79110285360277,20.856872597434446,9
DOGE-USD,2025-01-01 01:39:00,3494.8076741302953,3494.3076741302953,3495.3076741302953,3.1824671572637397,1.0581786626715277,0.07695516633154093,1.0839434210629648,0.24350825629160777,66.84041980832686,91.22090533222041,123.23617055326673,22.27248283698698,42.8651398888142,2
DOGE-USD,2025-01-01 01:40:00,3494.09998875927,3493.59998875927,3494.59998875927,4.765859235106101,2.402350235226388,0.013017919126220145,0.9330406051560498,-0.3392401039516918,75.98017201737528,173.39214777705178,72.50729970409765,30.734252205223395,26.207922532917404,3
DOGE-USD,2025-01-01 01:41:00,3493.8896660978876,3493.3896660978876,3494.3896660978876,2.544410551203097,3.3596707474185323,0.06129007163841849,1.0335090746974238,0.3179670241190622,21.841091661453383,113.56073804731443,98.701389033509,31.44962123879892,49.059722210681954,2
DOGE-USD,2025-01-01 01:42:00,3493.718308839624,3493.218308839624,3494.218308839624,4.844762255295657,2.5689761803989293,0.07862128171666215,1.5785688577763684,0.3321341779577419,74.42424682138797,150.13248489372057,160.60356160816997,13.301431391013772,33.53639622330816,3
DOGE-USD,2025-01-01 01:43:00,3493.317170205013,3492.817170205013,3493.817170205013,4.621402567824255,2.7498996880949163,0.08890890730855745,0.9456825734347625,0.007467733760836204,91.81292685990769,64.33029707520022,121.40271940531498,21.300594874352978,10.681913370402622,6
DOGE-USD,2025-01-01 01:44:00,3493.23652734918,3492.73652734918,3493.73652734918,1.7831645391571858,4.616634777974994,0.04078735738443168,1.3496069604453458,-0.4936141282831664,26.171479798321776,143.57889870148597,106.3832427718654,20.05300799338695,35.42799029339453,9
DOGE-USD,2025-01-01 01:45:00,3493.4385527775876,3492.9385527775876,3493.9385527775876,1.2774452035006618,2.3930218680932014,0.08391315742048117,1.2140756032986495,-0.21296186682508722,31.378899243148986,117.76515181058437,109.1714417855053,6.178851883942915,19.629680694426455,9
DOGE-USD,2025-01-01 01:46:00,3494.381645728193,3493.881645728193,3494.881645728193,1.4031120055097066,3.055957956639243,0.01995685632596865,1.4955067480439723,0.1169269183757422,97.42555846374756,137.99126947632112,118.917015260898,6.088629375110986,35.88472385087438,7
DOGE-USD,2025-01-01 01:47:00,3494.4689346346086,3493.9689346346086,3494.9689346346086,1.072887302606199,4.134612050964572,0.08618070625610665,1.9052446089871369,0.4811861780274235,26.28792574385408,75.20213116172951,167.75248157555853,42.426366965409805,8.133851667308258,3
DOGE-USD,2025-01-01 01:48:00,3494.59770982997,3494.09770982997,3495.09770982997,1.3777718430237136,2.5861711292850806,0.02147397960987842,1.5988581458153754,0.13181352701666837,86.89465840326213,160.5310617416273,183.81270334103516,17.288186448776557,12.869664672918173,4
DOGE-USD,2025-01-01 01:49:00,3494.560486872087,3494.060486872087,3495.060486872087,3.7320270936654274,3.488346800911494,0.04575585615043306,0.8224105678861351,-0.2401964189358402,54.30500708032313,179.41956163148427,193.30020297558923,28.313544480746696,43.50817665076038,6
DOGE-USD,2025-01-01 01:50:00,3493.6011012644376,3493.1011012644376,3494.1011012644376,1.284754593840916,4.44945483498698,0.08175658292015983,0.546774702591927,0.13400570309961135,32.25079669628593,82.51097001361634,168.03550793829424,18.442650811494786,15.22308006605817,5
DOGE-USD,2025-01-01 01:51:00,3493.587844326713,3493.087844326713,3494.087844326713,2.275902521175045,4.7980824946305685,0.02349256846138964,0.8933960664497376,0.039985379715855474,88.36749111452603,64.35718332802426,97.31103436220191,47.330566030190326,42.6668506359323,2
DOGE-USD,2025-01-01 01:52:00,3493.617959431683,3493.117959431683,3494.117959431683,4.379501243877819,1.5882939237161517,0.030632625570937738,1.3926168960503822,0.2798453951511436,50.077472950239894,53.54578790695046,153.22020591298133,16.668354148959818,17.567423980448467,6
DOGE-USD,2025-01-01 01:53:00,3494.849580487926,3494.349580487926,3495.349580487926,1.0930877429433035,4.706350500645978,0.07500273115537597,0.5771387202263756,-0.3930193611730416,56.333561853672116,146.29572506648992,115.6404686083088,24.33455657325208,33.92968595264185,3
DOGE-USD,2025-01-01 01:54:00,3494.7534000055352,3494.2534000055352,3495.2534000055352,4.257873930355743,2.9684651723181528,0.07480328828914669,1.2445493708018545,0.261027902502028,42.33100324597891,141.06410541331712,88.20059330690768,44.27286127180708,36.236775807942394,8
DOGE-USD,2025-01-01 01:55:00,3494.904173676702,3494.404173676702,3495.404173676702,2.1274190990935997,2.0329775531958334,0.06770328695967676,1.3952642733753338,0.04126657867611028,63.36557662914347,132.0046119071105,176.1307369138884,42.88701050563139,28.06946389152738,2
DOGE-USD,2025-01-01 01:56:00,3494.88681779185,3494.38681779185,3495.38681779185,1.472659310486625,2.8365430249530452,0.072455360002039,1.0013658362254412,0.46299200385899464,24.717148532652047,84.79206441739632,55.76395234434875,13.374563803082479,18.73898045135291,1
DOGE-USD,2025-01-01 01:57:00,3494.3024787730396,3493.8024787730396,3494.8024787730396,3.7869486614566026,4.920130301141908,0.05884519990128367,1.6563683056187328,-0.1581278339613139,45.197338298658465,108.6358993858272,185.26429882031354,41.118948940806966,14.568996936699325,9
DOGE-USD,2025-01-01 01:58:00,3494.873890180297,3494.373890180297,3495.373890180297,3.515771387119536,2.9704723759714784,0.03266191530162575,0.6598973797006578,0.13262189313394812,97.24710901017588,139.17145027792594,119.22161969371012,25.61840990320517,6.4935209553091795,3
DOGE-USD,2025-01-01 01:59:00,3495.2498566966406,3494.7498566966406,3495.7498566966406,4.509888054108211,2.315006441150033,0.04111263941535275,0.6127066726037131,0.43202810551001747,33.23200894310148,124.5150288288754,145.58022152124207,26.733599243840985,18.677588055832572,1
DOGE-USD,2025-01-01 02:00:00,3495.6453726701625,3495.1453726701625,3496.1453726701625,3.940284175215543,3.533603417266903,0.026343794512128316,1.5922831343054051,-0.39749027200932074,69.1062998087163,198.1678280322331,148.9030883308674,11.00659875871747,34.39232557390774,7
DOGE-USD,2025-01-01 02:01:00,3495.190678942765,3494.690678942765,3495.690678942765,4.213923721539395,1.9605824751127723,0.09176055052002656,1.2432369743092977,0.43722848723645114,39.267105780222536,70.46596288350997,184.26766110598047,8.627068119070609,47.22371683018172,5
DOGE-USD,2025-01-01 02:02:00,3495.892076098233,3495.392076098233,3496.392076098233,2.128138290285226,1.3034533124346557,0.06250526152895085,1.5326035946416041,0.18788572230081335,79.61258131179406,154.27168310713907,145.50045232508108,37.75726881381944,44.20420170183734,5
DOGE-USD,2025-01-01 02:03:00,3495.1911505668368,3494.6911505668368,3495.6911505668368,1.7097581751188913,1.515518887642597,0.0460766275087276,1.1522410079056193,-0.4321629408948281,21.778629464651484,110.64781521564382,142.09003771400927,27.34075185598849,39.472914944088615,1
DOGE-USD,2025-01-01 02:04:00,3495.484579113737,3494.984579113737,3495.984579113737,4.002459006563433,1.5121833558310898,0.05158052232797195,0.8696030498586602,-0.19903643305318375,97.28389405706902,114.22994223884221,59.997806084103495,24.65828161768308,40.48013044639844,9
DOGE-USD,2025-01-01 02:05:00,3496.579806926642,3496.079806926642,3497.079806926642,4.2273389570690565,1.6076107740491774,0.09525550056506338,1.7286534765112995,0.20817208864528158,50.841058724527535,157.63966484872645,127.76120329178062,37.827870289357854,34.92432065641979,7
DOGE-USD,2025-01-01 02:06:00,3496.0845387640766,3495.5845387640766,3496.5845387640766,4.962020568002693,1.5553086905976405,0.02380162628044722,1.699123818453469,-0.4326493985312283,31.244541701181756,153.86542269865544,72.52535012255625,39.44808045459994,16.712908590470136,8
DOGE-USD,2025-01-01 02:07:00,3495.8013898992754,3495.3013898992754,3496.3013898992754,2.650470707645706,3.5634989792128584,0.06276068488151175,1.54204470628164,0.08217046017627327,16.614707259701138,198.68839905532823,160.61506530822282,12.15086754512091,45.82377638176234,9
DOGE-USD,2025-01-01 02:08:00,3495.851215581819,3495.351215581819,3496.351215581819,2.4880723431711327,1.7275203375965793,0.055529981099601944,0.9082177058449441,-0.15411694304704326,25.27821145787867,69.25914341811878,126.83328812190118,32.460131726493856,35.182954035762535,6
DOGE-USD,2025-01-01 02:09:00,3495.5994777547608,3495.0994777547608,3496.0994777547608,4.105651842967987,2.382669133295453,0.0650308811891183,1.3853460003036306,0.12091551776747711,56.77965537004159,65.61644740762495,152.034166881253,11.09093370249585,30.219828394119798,5
DOGE-USD,2025-01-01 02:10:00,3494.824146039228,3494.324146039228,3495.324146039228,2.3632141610120714,4.587153639624047,0.011629916543875646,1.0414608454100402,-0.45425796618748715,40.33028587881577,158.65082256931117,56.25093509035764,38.81187887130706,9.994526114606648,6
DOGE-USD,2025-01-01 02:11:00,3494.8584275266307,3494.3584275266307,3495.3584275266307,4.723029302414259,2.8958465610514894,0.08849115180497363,0.6373731099899512,0.3715368061523763,84.59950292943485,136.75803755096138,62.71880240687048,34.56298203202128,25.117499471289143,2
DOGE-USD,2025-01-01 02:12:00,3494.327275669768,3493.827275669768,3494.827275669768,4.433651007372047,3.6702309540841087,0.09389064542352513,1.8759703631933642,0.4734889691773969,48.779877129562536,91.12409998397088,157.44850820940235,48.04765794875561,25.716122204086684,4
DOGE-USD,2025-01-01 02:13:00,3494.5640718850855,3494.0640718850855,3495.0640718850855,2.7159761095000734,1.6892794848065193,0.060861986523028815,0.7052279463784421,0.4688778552856915,32.384284532886696,61.91290534834799,60.812650399801,8.103110736038953,43.90536242852015,3
DOGE-USD,2025-01-01 02:14:00,3494.1043597679686,3493.6043597679686,3494.6043597679686,4.0034842711659895,1.769156075234683,0.07269857414892031,1.9253560307312036,0.2496518317429247,65.5430487943627,62.84873743946458,60.68850916478879,7.567462451806444,29.59916990845048,7
DOGE-USD,2025-01-01 02:15:00,3494.8793269704775,3494.3793269704775,3495.3793269704775,4.018171496338729,1.1634744650659155,0.09302494430595662,1.1690086594369336,-0.36991375986936803,73.60994951969013,184.12863119961773,51.816271285233114,17.69841836119401,22.118024703668436,9
DOGE-USD,2025-01-01 02:16:00,3494.487700324309,3493.987700324309,3494.987700324309,1.4124954753437304,1.6757402522886582,0.07365147708820588,0.7776993932579295,0.2582631959290226,25.033771711085485,78.78009870781143,193.475209744922,16.77675576811577,48.95601478297967,5
DOGE-USD,2025-01-01 02:17:00,3494.3266695662064,3493.8266695662064,3494.8266695662064,4.610211626718266,2.1143613561278345,0.023728513862283522,1.3128514210675373,-0.4754130835411985,25.08572946594859,98.50573431732812,160.62625391885103,16.11404595823999,9.982426699684204,6
DOGE-USD,2025-01-01 02:18:00,3494.7334281748913,3494.2334281748913,3495.2334281748913,3.0210094897914286,1.7080419371069873,0.06186595241501319,1.8094187538146125,-0.47787644847100275,13.300428424018868,83.9984603340482,102.98771127530962,45.78145612344665,24.01467927403751,2
DOGE-USD,2025-01-01 02:19:00,3494.117996016674,3493.617996016674,3494.617996016674,4.305829864430967,1.3548101350282225,0.06460435417445703,1.5983373296143417,-0.17638978085045875,76.27618135590765,103.2494458747906,94.48033719314829,16.229578993227776,6.891110382713238,3
DOGE-USD,2025-01-01 02:20:00,3494.231725983976,3493.731725983976,3494.731725983976,2.280198404122447,1.4825434844024032,0.04817176041721475,1.7098417217921746,-0.01135680959533425,69.74240748596246,60.41357641191401,102.45548446187743,17.237737675788395,38.29568543451187,3
DOGE-USD,2025-01-01 02:21:00,3494.8852973611174,3494.3852973611174,3495.3852973611174,4.582092913984802,2.843115072130903,0.07627998120622506,1.488175050066076,0.2704074178077932,52.71677881748325,127.85896863624056,166.19802967717726,39.17292180880837,46.31344484896178,9
DOGE-USD,2025-01-01 02:22:00,3494.081555743837,3493.581555743837,3494.581555743837,2.5568067149366525,1.82533487362317,0.09409303132921135,1.5384148467767786,0.1832953766065052,85.97534040722775,60.14188453883224,149.20559166056216,25.2382929102743,17.601679829772024,7
DOGE-USD,2025-01-01 02:23:00,3494.173872673103,3493.673872673103,3494.673872673103,1.0433506059211934,2.457079444192302,0.09330116616160987,1.7737934773479789,-0.05409729362325166,82.51031376550479,170.05347617335423,77.7793351801202,39.95197506298315,43.62537545596044,8
DOGE-USD,2025-01-01 02:24:00,3494.3038140702274,3493.8038140702274,3494.8038140702274,4.621527905677055,3.0136690834194275,0.0505755434263719,0.8745020132887789,-0.22637333371833412,62.6818927957077,85.05681228656496,76.11640030011264,7.941477090397336,18.1498203707854,9
DOGE-USD,2025-01-01 02:25:00,3494.694725506116,3494.194725506116,3495.194725506116,1.3651467071445342,3.761579314517461,0.020191424125667976,1.2341374454647107,0.49712450015771115,88.14441524619328,131.0017871906766,64.7593474570096,26.940703715302295,45.98465727397618,6
DOGE-USD,2025-01-01 02:26:00,3494.076250150677,3493.576250150677,3494.576250150677,2.2772545503616595,1.1572485593643957,0.09863570790661012,0.8318141627294033,-0.07381869776402705,28.52570890330914,182.01186313421874,149.04540795520072,6.512612008247718,38.92828566185528,4
DOGE-USD,2025-01-01 02:27:00,3493.416021844135,3492.916021844135,3493.916021844135,4.80024786820322,4.197641595636171,0.08550082778013407,1.9815020119949704,-0.04861297567032452,20.072765745795508,147.63160535707914,164.65589933326038,7.819394155490953,41.220804957864736,1
DOGE-USD,2025-01-01 02:28:00,3493.676992626943,3493.176992626943,3494.176992626943,4.802428587750224,3.511601557963631,0.02121964130829402,1.91608900952992,-0.3363761788083308,34.277465036529065,129.94366798270028,89.7569642487506,45.78968540049849,5.810295002020452,8
DOGE-USD,2025-01-01 02:29:00,3493.8254849635596,3493.3254849635596,3494.3254849635596,3.2937515524931444,1.3270361277954876,0.09287576943556351,0.5591402170527588,0.2948095487499294,15.137817048038336,98.65006296730634,53.141744154636925,11.266041700291783,48.326466068331165,7
DOGE-USD,2025-01-01 02:30:00,3493.9507313887325,3493.4507313887325,3494.4507313887325,3.527348848679197,4.4943144964271085,0.08829067258559155,1.5583627587735327,0.19368222578148864,57.80525752009288,99.95028695872969,62.325750121464104,28.95893070238477,37.700194643164544,2
DOGE-USD,2025-01-01 02:31:00,3494.123955493481,3493.623955493481,3494.623955493481,2.793782087913279,4.683489602127253,0.0566954251413465,1.8878724761234986,-0.2792303872112396,94.29451230654654,150.42304327972852,195.17900522675458,23.499302117031796,18.713799292376,8
DOGE-USD,2025-01-01 02:32:00,3493.783943132692,3493.283943132692,3494.283943132692,2.172843086792258,1.244311839419455,0.06321478921704364,0.7708630176910003,-0.4176189543841573,13.540918660165868,199.12090418317513,94.31671662161304,20.63044968164792,42.32275991864811,5
DOGE-USD,2025-01-01 02:33:00,3493.9000699812723,3493.4000699812723,3494.4000699812723,2.314658181479664,2.107510592588815,0.04591024334831173,1.3519178458289443,0.1804993020747131,20.989892260902412,149.2758784774068,165.38347217572004,45.49250055592726,17.66845392867185,7
DOGE-USD,2025-01-01 02:34:00,3494.0466062179216,3493.5466062179216,3494.5466062179216,3.6900738243081537,4.224805119172245,0.01492854749398282,1.8732324463820627,0.15451121428113523,50.697912545509176,133.66751260550373,143.69953532813958,5.982052854897027,44.27392278047576,4
DOGE-USD,2025-01-01 02:35:00,3493.6894305089086,3493.1894305089086,3494.1894305089086,4.00949811775072,3.9930387615346334,0.040167751748131086,0.5509189678786983,-0.22674047300179068,94.04875157751144,159.5975765358869,107.29094594793438,34.87053587790151,10.066117568537166,5
DOGE-USD,2025-01-01 02:36:00,3494.622317764481,3494.122317764481,3495.122317764481,4.166316174903394,1.7380840774255093,0.08225681037382103,1.5461304008702599,0.45086356225041035,38.45404944790755,119.78084184255772,80.85308932933327,48.35274953960977,36.66586898573581,8
DOGE-USD,2025-01-01 02:37:00,3494.8592342249367,3494.3592342249367,3495.3592342249367,4.158472571178216,1.8373972933468412,0.010416882070414258,0.9460235110588262,-0.34894210821909977,55.65113278195532,59.021351390117786,68.20796272391097,30.20756825578289,29.331431449020965,1
DOGE-USD,2025-01-01 02:38:00,3494.2635824763356,3493.7635824763356,3494.7635824763356,1.3648244121947615,2.481888411165528,0.04001492545220298,1.8865942930647956,-0.06766519895739809,13.741557314535289,134.3445223816865,142.25194520583,47.157010791489135,9.344051158794837,1
DOGE-USD,2025-01-01 02:39:00,3494.5918592806524,3494.0918592806524,3495.0918592806524,2.977681218810326,2.9380919407640853,0.045835182423184906,1.9565873677480516,0.4436159201675989,23.350888086587997,193.64379267580702,166.1950670956682,7.351604567871069,15.885222271647754,4
DOGE-USD,2025-01-01 02:40:00,3494.104518445539,3493.604518445539,3494.604518445539,1.2302350400665771,3.473019086121184,0.05836560426441307,1.9163997336701508,-0.0802726830738777,98.79671106629623,76.29544135364895,146.5856380311696,23.845699358337264,5.558181632479165,3
DOGE-USD,2025-01-01 02:41:00,3494.49806074741,3493.99806074741,3494.99806074741,3.198115529294942,2.4756545582790896,0.09278700547714845,1.2113213249861956,0.13852594766408555,96.86068267924409,153.50073362309985,129.54531998737374,16.707100593292303,26.094558445902763,2
DOGE-USD,2025-01-01 02:42:00,3495.077358536914,3494.577358536914,3495.577358536914,2.766122005493508,2.8501388645325916,0.041171139492936513,1.7930639764839702,-0.10240560203720572,10.444598284096866,80.14005329885848,56.29268351474544,37.88694342413284,18.556936734200015,3
DOGE-USD,2025-01-01 02:43:00,3494.667017377738,3494.167017377738,3495.167017377738,4.5508167310331995,3.989883752535026,0.0412257881706605,1.7668240978026055,-0.22578479765132997,95.6630606880915,130.3741526709622,195.27331663915757,49.158369072376104,31.926086793399147,1
DOGE-USD,2025-01-01 02:44:00,3495.14870544236,3494.64870544236,3495.64870544236,2.4036600502083147,1.1467328115623916,0.07637511232987736,0.9786507098648835,0.4839776479598282,67.52079440339503,64.50146744700794,169.8071287481862,16.54385280999115,18.375701346887773,1
DOGE-USD,2025-01-01 02:45:00,3495.3550959058284,3494.8550959058284,3495.8550959058284,1.4682680657104235,2.009747777376083,0.050699614680082654,1.743373211226016,-0.09066599368495698,88.112646506802,117.55564043872778,93.92330550514471,34.43785706633335,18.49636001781431,6
DOGE-USD,2025-01-01 02:46:00,3495.7661259858255,3495.2661259858255,3496.2661259858255,1.5719667282113434,3.8533983435382098,0.03021443406459838,0.5555114520732389,0.3940992036791344,50.92658700704732,163.4244993342869,196.9955494038276,13.914393474188305,38.44369394292215,5
DOGE-USD,2025-01-01 02:47:00,3496.7145224771525,3496.2145224771525,3497.2145224771525,4.046042526869889,4.580827350748797,0.05071955645194241,1.3944048177230797,-0.2700453941089138,56.40364257213252,102.13572863584731,140.28223844544831,30.439861455722447,7.166427619025905,8
DOGE-USD,2025-01-01 02:48:00,3496.591828419151,3496.091828419151,3497.091828419151,3.4728722532650442,3.0467097684626645,0.02267713183418199,0.8450132559315546,-0.2868952959749167,53.99619222312282,149.7367586730827,137.363398731087,25.87696190097513,45.63027478363943,2
DOGE-USD,2025-01-01 02:49:00,3496.214960336972,3495.714960336972,3496.714960336972,1.404490704491161,3.1284539410612626,0.0258748287855601,0.6808503286659182,-0.46886591711548864,70.01778317914939,169.31749411845936,162.2109769144298,48.74023983341917,43.351874347603164,4
DOGE-USD,2025-01-01 02:50:00,3495.7702031221597,3495.2702031221597,3496.2702031221597,1.3364272244599897,1.4286880453591042,0.05485309954655319,0.6154298024438137,0.15166682537588505,22.568612928068163,189.0766729219179,171.76546821352065,32.383727271340994,35.05121074518829,8
DOGE-USD,2025-01-01 02:51:00,3495.362297979677,3494.862297979677,3495.862297979677,3.80387652583648,2.7896494672938186,0.04770329045540932,1.5444331638172097,-0.13147365627623886,12.697623088541015,85.19631227831803,148.4717910997254,20.727786743906847,31.694970654832293,6
DOGE-USD,2025-01-01 02:52:00,3495.32374712497,3494.82374712497,3495.82374712497,1.291052025456774,3.1304690658200927,0.09233613109612901,1.0098124456520992,0.36435824983963705,37.713694743207185,109.89738737139622,69.21436195493001,10.134310319957002,45.15361241628435,1
DOGE-USD,2025-01-01 02:53:00,3495.494323112378,3494.994323112378,3495.994323112378,4.287440237161425,1.9698820145389186,0.04261545092049698,1.5871501572931421,-0.02679009330844284,73.4212686462982,72.86240199956262,100.74012589917476,11.806107293072056,13.33985807879215,4
DOGE-USD,2025-01-01 02:54:00,3495.632668512043,3495.132668512043,3496.132668512043,3.824968908625985,2.076972923797524,0.06225295152502392,0.5980345111984136,0.46819342791472174,28.166810691065354,198.8725253237563,189.21254604890746,15.13926184780558,8.553612298587288,1
DOGE-USD,2025-01-01 02:55:00,3496.046260136561,3495.546260136561,3496.546260136561,1.325395122567599,2.5091366524184906,0.06690378591275774,0.9729355067459156,-0.31447448429687885,70.60891899924256,189.0501451886443,83.69234177657779,16.29349976031341,15.777957645929215,2
DOGE-USD,2025-01-01 02:56:00,3496.0527610825,3495.5527610825,3496.5527610825,1.3393508563407677,1.0802847911109055,0.011178501092950028,1.3092369385630058,0.3686231679556108,97.29208414965434,130.99356954208395,105.825053575627,43.2777226028512,40.756022541508564,5
DOGE-USD,2025-01-01 02:57:00,3496.779528121079,3496.279528121079,3497.279528121079,4.946558314004702,2.288316662332713,0.06971836348150395,1.6860847472584453,0.27659685279174173,18.451064421047654,176.30499415646318,114.8115324416294,30.255025472713623,6.560162002691749,8
DOGE-USD,2025-01-01 02:58:00,3496.6471997044596,3496.1471997044596,3497.1471997044596,2.4970831830244813,1.8457920279861786,0.026023237018277634,0.9781287543981049,0.270921844644052,70.53419064026136,128.14369659080631,115.91074845416783,28.55259101184649,31.226307578757034,8
DOGE-USD,2025-01-01 02:59:00,3498.0072842877544,3497.5072842877544,3498.5072842877544,2.4825685882675637,2.3099894087116586,0.09649632857225098,1.4388370646555138,0.34478322811688766,49.93751973741141,143.53785320041396,141.94093737417882,10.164599234114785,49.79468822860895,3
DOGE-USD,2025-01-01 03:00:00,3498.320117961637,3497.820117961637,3498.820117961637,4.25119826903001,1.4790485272770049,0.02337964549778017,1.8289666223542806,0.2610239909429989,88.13280289397548,63.36866481740249,191.46137566170614,43.70628620072458,43.50632422268927,4
DOGE-USD,2025-01-01 03:01:00,3497.891539183429,3497.391539183429,3498.391539183429,4.788994309535434,4.56210912295958,0.04731617113543214,1.423794782273457,0.1262203216314154,25.94348105026473,163.29056307452117,86.10390677487575,37.526643644381764,28.465056006961525,6
DOGE-USD,2025-01-01 03:02:00,3497.3560929343985,3496.8560929343985,3497.8560929343985,4.944004255291484,3.3743698142161946,0.01768147012707795,0.8494392121304506,-0.3687551223176124,72.33633570035481,69.15702254528523,68.2252064451377,8.045076285500071,7.863840917898905,3
DOGE-USD,2025-01-01 03:03:00,3497.59732914202,3497.09732914202,3498.09732914202,4.0135127410357665,3.7164092765779584,0.09971868266613526,0.536601172334807,-0.4674738205087481,85.43037606832992,173.91014453787926,79.6205734789906,36.85257937533959,42.41180814735694,2
DOGE-USD,2025-01-01 03:04:00,3497.485597749357,3496.985597749357,3497.985597749357,2.505038342123663,4.156684954429354,0.05519755092981184,1.8051483108513948,0.42084784781568685,95.0152797526621,167.30421315055787,183.03873503139042,29.459219780419073,31.954032867974476,6
DOGE-USD,2025-01-01 03:05:00,3497.842597996403,3497.342597996403,3498.342597996403,1.334002866794675,2.993768795716229,0.06358465155880394,0.5319041162755807,0.11665031452073804,71.49232254606812,156.31170466144647,146.87162189828092,8.677640558605022,10.171984867680507,5
DOGE-USD,2025-01-01 03:06:00,3498.07921680869,3497.57921680869,3498.57921680869,4.108587663709747,1.3476811523496948,0.016036882964958473,1.812052509026299,0.2965372909761763,54.74572876075846,55.42405707871432,92.88601838587402,25.623528868789542,9.22357781705103,5
DOGE-USD,2025-01-01 03:07:00,3498.0428023523614,3497.5428023523614,3498.5428023523614,3.23361699894322,3.148426167274191,0.07749644233592601,1.293405701040818,-0.018477648487449927,65.60625161810924,95.4692533917993,172.39204084529257,26.811332920852113,45.93320687464666,5
DOGE-USD,2025-01-01 03:08:00,3497.619405493327,3497.119405493327,3498.119405493327,2.696888036987905,3.3473644720835165,0.028891503378602724,1.9086015477693443,-0.3826918110376055,88.20144860308464,89.46688548662644,179.2054994545154,12.45985430734741,35.11401183221353,5
DOGE-USD,2025-01-01 03:09:00,3496.8619818809843,3496.3619818809843,3497.3619818809843,4.625417540378944,3.98175789673732,0.09082488604966424,1.6981748536604981,-0.37481420779744956,61.35487719749467,104.02046112072787,176.9771508035417,47.55641661501271,42.317905969254,3
DOGE-USD,2025-01-01 03:10:00,3496.6387244049506,3496.1387244049506,3497.1387244049506,1.4447899292246054,2.7266381849187176,0.02846256764338065,1.9969011658000062,0.18556528722897137,12.734835372715317,63.14641201457578,187.83898004593317,43.248891716629785,44.55405051270203,7
DOGE-USD,2025-01-01 03:11:00,3497.0669238021123,3496.5669238021123,3497.5669238021123,2.9705004171634366,1.510321211182255,0.027161894859729994,1.0260677231775652,-0.0696941051005373,93.78538259562801,190.54367345465943,87.83615302600424,35.10600517980987,30.729755842174498,6
DOGE-USD,2025-01-01 03:12:00,3497.173970674178,3496.673970674178,3497.673970674178,1.0454145790696763,2.135103623194898,0.01328947010632854,1.6507824333966903,-0.2994752732996633,72.0574075928405,133.07033610685644,163.25628931194174,25.803300245027323,28.285085828976857,4
DOGE-USD,2025-01-01 03:13:00,3496.5511012848215,3496.0511012848215,3497.0511012848215,2.874642567976505,2.4523291855945404,0.05248602505989994,1.1028963704138632,-0.008405453258563123,70.88620471995219,95.82864659870353,119.080924591121,23.52944937130288,24.36923346444456,2
DOGE-USD,2025-01-01 03:14:00,3496.6376917477473,3496.1376917477473,3497.1376917477473,1.2252131027273494,3.583668965326405,0.060835701993635485,1.2198134304558632,-0.4357910629248659,29.410763715794545,109.5472275611425,176.29978293350922,34.29380602179294,19.26259645060037,9
DOGE-USD,2025-01-01 03:15:00,3496.8303504376117,3496.3303504376117,3497.3303504376117,1.4752716650722877,3.2831132186756475,0.015913777548551715,1.4412581948275551,0.08197140191439878,69.29969232093916,117.08038107572534,159.27360157424198,29.544434123310747,24.55681823864203,1
DOGE-USD,2025-01-01 03:16:00,3496.388421719511,3495.888421719511,3496.888421719511,1.4701049871084195,2.424386903591385,0.07979748550255096,1.810515671279508,-0.23100659556490233,45.44779650887426,140.08915000409257,166.46711697495869,7.802289764684852,39.82458450785704,4
DOGE-USD,2025-01-01 03:17:00,3496.4652842724836,3495.9652842724836,3496.9652842724836,3.5968412084642543,4.946060995171919,0.05079599512732249,1.9761252037989427,0.29755910063718816,68.61096793373429,127.35191415447467,148.42427565216073,28.062619194664926,32.08655439568092,1
DOGE-USD,2025-01-01 03:18:00,3496.494388631707,3495.994388631707,3496.994388631707,3.984179517061693,3.4230992774275486,0.05719512423948221,1.6524101207967772,-0.18963804107642623,19.593372727719164,187.90879598216262,76.61431542045602,41.28816277547778,45.16354804796807,6
DOGE-USD,2025-01-01 03:19:00,3495.9229034827913,3495.4229034827913,3496.4229034827913,3.3334750603886385,1.948907166943978,0.04966864722444054,1.1266501732510006,-0.044779850918198805,69.20607741427324,124.54452243587454,131.75403783454075,25.665794491863114,24.952100647063446,4
